<?xml version="1.0" encoding="UTF-8"?>
<project-private xmlns="http://www.netbeans.org/ns/project-private/1">
    <editor-bookmarks xmlns="http://www.netbeans.org/ns/editor-bookmarks/2" lastBookmarkId="1">
        <file>
            <url>web/adminLogin.jsp</url>
            <bookmark id="1">
                <name/>
                <line>0</line>
                <key/>
            </bookmark>
        </file>
    </editor-bookmarks>
    <open-files xmlns="http://www.netbeans.org/ns/projectui-open-files/2">
        <group>
            <file>file:/C:/Users/sharath/Documents/NetBeansProjects/pharmacy_final/web/adminBills.jsp</file>
            <file>file:/C:/Users/sharath/Documents/NetBeansProjects/pharmacy_final/web/adminMedAboutToExpire.jsp</file>
            <file>file:/C:/Users/sharath/Documents/NetBeansProjects/pharmacy_final/web/staffCart.jsp</file>
            <file>file:/C:/Users/sharath/Documents/NetBeansProjects/pharmacy_final/web/adminInsertMedicine.jsp</file>
            <file>file:/C:/Users/sharath/Documents/NetBeansProjects/pharmacy_final/web/js/bootstrap.js</file>
            <file>file:/C:/Users/sharath/Documents/NetBeansProjects/pharmacy_final/web/staffInsertToBill.jsp</file>
            <file>file:/C:/Users/sharath/Documents/NetBeansProjects/pharmacy_final/web/customerInsertToBill.jsp</file>
            <file>file:/C:/Users/sharath/Documents/NetBeansProjects/pharmacy_final/web/customerLogin.jsp</file>
            <file>file:/C:/Users/sharath/Documents/NetBeansProjects/pharmacy_final/web/customerLoginCheck.jsp</file>
            <file>file:/C:/Users/sharath/Documents/NetBeansProjects/pharmacy_final/web/adminLoginCheck.jsp</file>
            <file>file:/C:/Users/sharath/Documents/NetBeansProjects/pharmacy_final/web/adminViewBill.jsp</file>
            <file>file:/C:/Users/sharath/Documents/NetBeansProjects/pharmacy_final/web/adminHome.jsp</file>
            <file>file:/C:/Users/sharath/Documents/NetBeansProjects/pharmacy_final/web/staffLogin.jsp</file>
            <file>file:/C:/Users/sharath/Documents/NetBeansProjects/pharmacy_final/web/adminAddStaff.jsp</file>
            <file>file:/C:/Users/sharath/Documents/NetBeansProjects/pharmacy_final/web/adminLogin.jsp</file>
            <file>file:/C:/Users/sharath/Documents/NetBeansProjects/pharmacy_final/web/adminInsertStaff.jsp</file>
            <file>file:/C:/Users/sharath/Documents/NetBeansProjects/pharmacy_final/web/staffDeleteFromCart.jsp</file>
            <file>file:/C:/Users/sharath/Documents/NetBeansProjects/pharmacy_final/web/customerBills.jsp</file>
            <file>file:/C:/Users/sharath/Documents/NetBeansProjects/pharmacy_final/web/customerCart.jsp</file>
            <file>file:/C:/Users/sharath/Documents/NetBeansProjects/pharmacy_final/web/index.jsp</file>
            <file>file:/C:/Users/sharath/Documents/NetBeansProjects/pharmacy_final/web/admin_verification.jsp</file>
            <file>file:/C:/Users/sharath/Documents/NetBeansProjects/pharmacy_final/web/adminStockDetails.jsp</file>
            <file>file:/C:/Users/sharath/Documents/NetBeansProjects/pharmacy_final/web/customerViewBill.jsp</file>
            <file>file:/C:/Users/sharath/Documents/NetBeansProjects/pharmacy_final/web/verify_order.jsp</file>
            <file>file:/C:/Users/sharath/Documents/NetBeansProjects/pharmacy_final/web/staffViewBill.jsp</file>
        </group>
    </open-files>
</project-private>
